id,first_name,last_name,email,gender,ip_address
1,Tildie,Tiffney,ttiffney0@wufoo.com,Female,245.27.71.126
2,Lisa,Pala,lpala1@multiply.com,Female,96.225.153.116
3,Nelly,Devil,ndevil2@fastcompany.com,Female,231.104.80.240
4,Bellanca,Rann,brann3@nasa.gov,Female,56.208.252.210
5,Florentia,Medway,fmedway4@w3.org,Female,228.2.131.232
6,Galen,Bartos,gbartos5@walmart.com,Male,21.116.193.105
7,Flory,Buckie,fbuckie6@europa.eu,Male,140.192.201.13
8,Kesley,Cowsby,kcowsby7@jiathis.com,Female,177.14.89.208
9,Weber,Bygate,wbygate8@yellowbook.com,Male,222.218.126.42
10,Lucita,Doumer,ldoumer9@independent.co.uk,Female,150.15.53.254
11,Charissa,Chaloner,cchalonera@amazon.com,Female,138.38.130.128
12,Sigfrid,Wingfield,swingfieldb@barnesandnoble.com,Male,83.228.136.197
13,Maryanna,Sarch,msarchc@comcast.net,Female,129.48.135.167
14,Julius,Alenichev,jalenichevd@berkeley.edu,Male,6.127.101.221
15,Carolynn,Swatridge,cswatridgee@nydailynews.com,Female,200.9.151.118
16,Rory,Roote,rrootef@ucsd.edu,Female,176.138.211.156
17,Piggy,Cazalet,pcazaletg@hostgator.com,Male,65.248.25.248
18,Jayne,Camin,jcaminh@wikispaces.com,Female,158.123.130.17
19,Inness,Castelli,icastellii@ezinearticles.com,Male,35.69.77.121
20,Georgine,Elfitt,gelfittj@ihg.com,Female,125.93.181.78
21,Billie,Le Maitre,blemaitrek@ocn.ne.jp,Non-binary,86.83.184.137
22,Afton,Bendel,abendell@jugem.jp,Female,162.146.87.225
23,Horten,Hammerson,hhammersonm@mapy.cz,Male,37.35.92.194
24,Izzy,Millbank,imillbankn@livejournal.com,Male,47.126.179.96
25,Grenville,Laborde,glabordeo@nymag.com,Male,216.5.42.87
26,Hasty,Chaise,hchaisep@google.com.hk,Male,247.188.207.78
27,Tedd,Allsep,tallsepq@clickbank.net,Bigender,95.68.72.108
28,Charisse,Stapley,cstapleyr@csmonitor.com,Female,203.70.236.50
29,Esther,Youell,eyouells@imageshack.us,Female,245.136.129.60
30,Gianna,Wolfenden,gwolfendent@nhs.uk,Female,14.19.39.211
31,Freddy,Thorley,fthorleyu@goo.gl,Female,33.101.69.149
32,Debra,Shemming,dshemmingv@nature.com,Female,234.127.230.149
33,Berni,Tyrie,btyriew@dmoz.org,Female,133.246.32.92
34,Paton,McTavy,pmctavyx@ox.ac.uk,Genderfluid,253.109.25.126
35,Elianora,Spary,esparyy@microsoft.com,Female,251.82.38.246
36,Reggis,Wilkennson,rwilkennsonz@ucla.edu,Male,10.210.83.220
37,Stefa,Garnson,sgarnson10@reuters.com,Female,252.200.24.134
38,Ilse,Gosden,igosden11@ameblo.jp,Non-binary,119.209.29.18
39,Kippar,Dodwell,kdodwell12@constantcontact.com,Male,27.177.201.92
40,Hashim,Dudenie,hdudenie13@google.co.jp,Male,17.126.55.89
41,Staci,Stedell,sstedell14@imdb.com,Female,57.172.175.224
42,Lira,Gimert,lgimert15@adobe.com,Female,83.178.82.46
43,Eugenius,Coppens,ecoppens16@theguardian.com,Male,7.147.26.192
44,Morgen,Bisatt,mbisatt17@loc.gov,Male,93.128.239.50
45,Jarred,Hannay,jhannay18@amazon.co.jp,Genderqueer,16.251.178.74
46,Katey,Vidloc,kvidloc19@behance.net,Female,5.26.59.115
47,Konstantine,Dolley,kdolley1a@slashdot.org,Male,180.192.58.14
48,Aloin,Raeburn,araeburn1b@seesaa.net,Male,201.163.204.134
49,Belvia,Wissby,bwissby1c@dion.ne.jp,Female,77.48.58.203
50,Serge,Avrahm,savrahm1d@cbsnews.com,Male,226.135.201.3
51,Lory,Cicccitti,lcicccitti1e@mysql.com,Female,73.5.74.67
52,Katey,Koene,kkoene1f@goo.ne.jp,Female,178.19.47.223
53,Etienne,Farthing,efarthing1g@china.com.cn,Polygender,38.198.106.222
54,Phillip,Bolduc,pbolduc1h@shop-pro.jp,Male,176.177.49.50
55,Tania,Greeno,tgreeno1i@woothemes.com,Polygender,14.255.37.113
56,Bayard,Shinfield,bshinfield1j@reference.com,Male,218.220.143.90
57,Moira,Male,mmale1k@umich.edu,Female,243.48.36.81
58,Jerry,Gager,jgager1l@shareasale.com,Female,154.123.117.127
59,Giralda,Mocher,gmocher1m@posterous.com,Female,69.46.125.182
60,Lloyd,Maunders,lmaunders1n@apple.com,Male,86.57.229.169
61,Camel,Lawlor,clawlor1o@goo.gl,Genderfluid,82.23.191.47
62,Genni,Gingle,ggingle1p@apache.org,Female,95.85.133.200
63,Gabriella,Winspire,gwinspire1q@paginegialle.it,Female,128.52.219.231
64,Bobbe,Galey,bgaley1r@netvibes.com,Polygender,196.79.151.54
65,Kipp,Diprose,kdiprose1s@kickstarter.com,Non-binary,213.238.236.96
66,Christian,Moulsdale,cmoulsdale1t@1688.com,Male,176.159.82.16
67,Bibbye,Farragher,bfarragher1u@cornell.edu,Polygender,15.203.182.109
68,Normie,Goodwin,ngoodwin1v@goo.gl,Male,114.245.0.241
69,Sean,Shilston,sshilston1w@elpais.com,Female,136.122.82.138
70,Magdaia,Myrie,mmyrie1x@topsy.com,Female,89.232.169.168
71,Perkin,Rosin,prosin1y@bluehost.com,Male,100.99.84.214
72,Cleve,Ellesworthe,cellesworthe1z@addtoany.com,Male,149.149.133.211
73,Adamo,Draisey,adraisey20@webeden.co.uk,Male,44.138.3.171
74,Dacy,McMeeking,dmcmeeking21@ft.com,Female,102.79.144.38
75,Perkin,Carthy,pcarthy22@devhub.com,Male,198.210.99.52
76,Robert,Stirrip,rstirrip23@hibu.com,Male,255.185.185.209
77,Allegra,Ferier,aferier24@google.cn,Female,239.5.129.44
78,Chris,Barwick,cbarwick25@wikipedia.org,Polygender,130.150.186.62
79,Alex,Biasetti,abiasetti26@indiegogo.com,Male,20.175.164.163
80,Ebenezer,Aloshechkin,ealoshechkin27@liveinternet.ru,Male,81.54.198.31
81,Giselle,Bucknall,gbucknall28@miitbeian.gov.cn,Female,72.234.71.117
82,Benedict,Riccio,briccio29@china.com.cn,Male,170.178.217.201
83,Reginald,Richardin,rrichardin2a@go.com,Male,203.33.200.167
84,Robyn,Westnage,rwestnage2b@deviantart.com,Female,120.227.24.127
85,Chandra,Rosenkranc,crosenkranc2c@unicef.org,Female,186.114.115.82
86,Bernadene,MacAndreis,bmacandreis2d@woothemes.com,Female,176.24.242.88
87,Fredric,Kynoch,fkynoch2e@about.me,Male,236.53.220.179
88,Willie,Partridge,wpartridge2f@loc.gov,Female,62.175.203.4
89,Marylou,Gerrie,mgerrie2g@businessweek.com,Female,248.194.181.191
90,Ignazio,Surplice,isurplice2h@ovh.net,Male,249.75.23.113
91,Francklyn,Oxtoby,foxtoby2i@npr.org,Male,162.91.113.118
92,Skipton,Canelas,scanelas2j@dyndns.org,Male,122.108.235.215
93,Carey,Cullrford,ccullrford2k@goo.ne.jp,Female,43.239.187.249
94,Gardy,Domico,gdomico2l@nydailynews.com,Genderqueer,6.0.21.18
95,Edgardo,Dalinder,edalinder2m@cmu.edu,Male,174.135.188.109
96,Calley,Trenam,ctrenam2n@dot.gov,Female,112.170.9.69
97,Seka,Proswell,sproswell2o@wordpress.com,Female,162.44.64.41
98,Freeland,Yallowley,fyallowley2p@mayoclinic.com,Male,101.55.198.212
99,Libby,Matthewman,lmatthewman2q@cocolog-nifty.com,Non-binary,65.25.69.131
100,Datha,Helin,dhelin2r@prnewswire.com,Female,5.128.16.117
101,Anett,Torregiani,atorregiani2s@webmd.com,Female,171.106.250.180
102,Pedro,Coverdale,pcoverdale2t@europa.eu,Male,124.56.222.165
103,Farah,Cawsby,fcawsby2u@auda.org.au,Female,96.36.186.135
104,Vilma,Checchetelli,vchecchetelli2v@topsy.com,Female,188.5.53.229
105,Ali,Gibbetts,agibbetts2w@paginegialle.it,Polygender,129.190.76.244
106,Dehlia,Burdon,dburdon2x@webeden.co.uk,Female,17.232.135.243
107,Arnoldo,Ortes,aortes2y@mtv.com,Male,21.186.15.15
108,Kimberlee,Dust,kdust2z@cyberchimps.com,Female,27.186.53.171
109,Terrance,Killen,tkillen30@newyorker.com,Male,152.26.217.220
110,Hendrika,Melloi,hmelloi31@i2i.jp,Female,251.135.4.197
111,Xever,Chastanet,xchastanet32@nhs.uk,Male,122.242.75.21
112,Guss,McClure,gmcclure33@123-reg.co.uk,Male,113.94.110.106
113,Wilek,Hebbard,whebbard34@china.com.cn,Male,123.89.53.129
114,Fredericka,Pilsworth,fpilsworth35@wisc.edu,Female,229.86.138.236
115,Sanders,Breadon,sbreadon36@mozilla.org,Male,19.238.175.104
116,Maxy,Townby,mtownby37@dot.gov,Male,247.210.62.58
117,Camella,Jansema,cjansema38@skype.com,Female,151.41.174.7
118,Maribelle,Clewer,mclewer39@prnewswire.com,Female,68.12.188.149
119,Maegan,Lincke,mlincke3a@wordpress.org,Female,101.191.192.251
120,Angelica,Mogg,amogg3b@nbcnews.com,Female,56.154.81.161
121,Dagny,Berkeley,dberkeley3c@java.com,Male,128.99.248.240
122,Clarie,Collyer,ccollyer3d@123-reg.co.uk,Female,133.108.86.196
123,Tull,Rubinivitz,trubinivitz3e@icio.us,Genderqueer,134.170.169.160
124,Addy,Goodright,agoodright3f@wikipedia.org,Male,134.234.185.72
125,Alric,Le Surf,alesurf3g@hud.gov,Male,244.154.35.185
126,Edouard,Silby,esilby3h@digg.com,Male,232.35.34.78
127,Dionisio,Chinnick,dchinnick3i@usatoday.com,Male,52.188.3.177
128,Ambrose,Wilfling,awilfling3j@twitter.com,Male,51.92.213.127
129,Laetitia,Jolliman,ljolliman3k@elegantthemes.com,Female,141.250.215.206
130,Andi,Olufsen,aolufsen3l@amazon.com,Female,238.143.86.111
131,Mycah,Dudny,mdudny3m@wikimedia.org,Male,158.169.40.160
132,Con,Jecock,cjecock3n@springer.com,Male,103.128.179.31
133,Jacquetta,Dudeney,jdudeney3o@skyrock.com,Female,169.169.239.18
134,Kizzee,Casebourne,kcasebourne3p@canalblog.com,Female,222.126.107.0
135,Allis,Vogel,avogel3q@printfriendly.com,Female,186.210.140.147
136,Nels,Ragless,nragless3r@qq.com,Male,124.142.119.154
137,Tracee,Maggiore,tmaggiore3s@yahoo.com,Female,104.115.191.73
138,Ivory,Snoxall,isnoxall3t@mapy.cz,Female,31.138.180.246
139,Mayor,Praundlin,mpraundlin3u@youtu.be,Male,244.23.170.232
140,Boniface,Ganforthe,bganforthe3v@bloglines.com,Male,123.30.239.136
141,Jeff,Fermer,jfermer3w@webs.com,Male,78.62.50.76
142,Reta,Seater,rseater3x@gov.uk,Female,147.145.227.53
143,Yanaton,Ungerecht,yungerecht3y@tiny.cc,Male,225.62.56.48
144,Johna,Langthorne,jlangthorne3z@ow.ly,Female,13.111.103.167
145,Grove,Lawday,glawday40@netlog.com,Male,16.70.195.9
146,Germayne,Eastway,geastway41@nytimes.com,Male,34.88.122.124
147,Erminie,Calafato,ecalafato42@printfriendly.com,Female,141.43.33.84
148,Averil,Bexon,abexon43@163.com,Male,140.242.168.217
149,Mattie,Passe,mpasse44@google.pl,Male,141.151.188.56
150,Jeremiah,Rookes,jrookes45@sohu.com,Male,48.100.229.75
151,Vanda,Matschoss,vmatschoss46@oakley.com,Female,196.202.237.52
152,Cordelie,Wharmby,cwharmby47@blogspot.com,Female,120.166.191.99
153,Virgina,Yallowley,vyallowley48@berkeley.edu,Female,77.118.166.31
154,Barret,Mackley,bmackley49@google.it,Male,189.90.39.70
155,Alfie,Reeds,areeds4a@salon.com,Female,161.34.113.74
156,Harlene,Arpin,harpin4b@sourceforge.net,Female,115.70.144.58
157,Lisbeth,Fibbens,lfibbens4c@google.fr,Genderqueer,201.112.162.4
158,Chantalle,Ealden,cealden4d@google.pl,Female,69.226.124.155
159,Aldis,Broinlich,abroinlich4e@adobe.com,Male,242.174.126.39
160,Abbe,Colbridge,acolbridge4f@shop-pro.jp,Male,160.109.99.72
161,Dugald,Pauley,dpauley4g@reverbnation.com,Male,30.136.102.70
162,Harwilll,Normansell,hnormansell4h@stumbleupon.com,Male,33.28.42.52
163,Jammal,Dunnet,jdunnet4i@addtoany.com,Male,255.56.11.37
164,Archaimbaud,Iacabucci,aiacabucci4j@dmoz.org,Male,23.35.75.214
165,Bob,Stebbing,bstebbing4k@answers.com,Male,82.147.84.78
166,Freida,Simner,fsimner4l@thetimes.co.uk,Agender,23.45.24.23
167,Elston,Ovesen,eovesen4m@xinhuanet.com,Male,128.103.45.171
168,Jeannie,Hiskey,jhiskey4n@intel.com,Female,185.57.212.99
169,Oriana,Smeall,osmeall4o@pinterest.com,Female,194.117.80.228
170,Meredithe,Munden,mmunden4p@domainmarket.com,Female,242.125.224.157
171,Dante,Gillivrie,dgillivrie4q@jalbum.net,Male,128.187.98.166
172,Alfie,Simeone,asimeone4r@paypal.com,Male,229.91.237.4
173,Ros,Guslon,rguslon4s@google.es,Genderqueer,133.189.53.12
174,Annetta,Massard,amassard4t@forbes.com,Non-binary,153.121.20.49
175,Caitrin,Welbelove,cwelbelove4u@eepurl.com,Female,111.74.186.211
176,Caresse,Blacktin,cblacktin4v@epa.gov,Female,217.202.149.199
177,Rickert,Jonke,rjonke4w@spotify.com,Male,13.88.248.97
178,Bruce,Kendred,bkendred4x@thetimes.co.uk,Male,33.26.253.33
179,Orelee,Renachowski,orenachowski4y@youtu.be,Female,31.111.24.74
180,Ingaborg,Baradel,ibaradel4z@springer.com,Genderfluid,237.100.42.222
181,Ianthe,Barthram,ibarthram50@tamu.edu,Female,70.254.38.143
182,Emmit,Dunsmuir,edunsmuir51@yellowbook.com,Agender,181.111.72.74
183,Matthaeus,Tume,mtume52@list-manage.com,Male,114.50.0.43
184,Tobias,Diviney,tdiviney53@aboutads.info,Male,1.195.78.144
185,Hannah,Pine,hpine54@springer.com,Female,225.154.198.243
186,Fredelia,Mardling,fmardling55@list-manage.com,Female,92.137.93.217
187,Niels,Thiolier,nthiolier56@printfriendly.com,Male,115.27.23.146
188,Wallace,Matfin,wmatfin57@mail.ru,Male,217.100.71.124
189,Randy,Prando,rprando58@google.co.jp,Genderfluid,147.103.57.90
190,Dugald,Braisted,dbraisted59@bloglines.com,Male,153.117.146.81
191,Kellen,Digger,kdigger5a@paginegialle.it,Male,59.212.240.6
192,Sashenka,Gilffilland,sgilffilland5b@a8.net,Female,170.240.178.203
193,Lola,Bramich,lbramich5c@cocolog-nifty.com,Female,218.195.121.176
194,Whitney,Lennox,wlennox5d@desdev.cn,Female,206.63.8.33
195,Carey,Shall,cshall5e@house.gov,Male,242.34.167.103
196,Kellen,Slimm,kslimm5f@ca.gov,Female,254.221.208.155
197,Matias,Wims,mwims5g@time.com,Male,170.11.29.23
198,Dillie,Halladay,dhalladay5h@hp.com,Male,170.91.175.221
199,Cinderella,Ruslen,cruslen5i@themeforest.net,Female,16.145.223.153
200,Myrilla,Danilishin,mdanilishin5j@cbc.ca,Female,12.9.54.41
201,Alfonse,Locke,alocke5k@wisc.edu,Male,225.245.6.187
202,Susanna,Tadlow,stadlow5l@nih.gov,Female,165.243.222.69
203,Pete,Leak,pleak5m@spotify.com,Male,76.19.66.44
204,Erasmus,Izacenko,eizacenko5n@pbs.org,Male,186.174.236.30
205,Debor,De Fraine,ddefraine5o@nbcnews.com,Female,66.38.76.38
206,Terese,Heiss,theiss5p@dedecms.com,Female,99.237.39.222
207,Rutger,Moody,rmoody5q@princeton.edu,Male,177.213.243.140
208,Chauncey,Denys,cdenys5r@census.gov,Male,204.194.51.41
209,Aggy,Sidry,asidry5s@arstechnica.com,Female,57.179.134.9
210,Philipa,Colombier,pcolombier5t@blogtalkradio.com,Female,230.16.92.150
211,Chrysa,De Bruyne,cdebruyne5u@comsenz.com,Polygender,198.176.59.158
212,Robers,Swayton,rswayton5v@cpanel.net,Male,118.242.93.179
213,Rory,Bernadot,rbernadot5w@smugmug.com,Female,226.98.55.196
214,Jami,Firbanks,jfirbanks5x@meetup.com,Female,59.11.74.46
215,Monte,Jeannin,mjeannin5y@artisteer.com,Male,174.28.41.52
216,Shannah,Alcido,salcido5z@ca.gov,Female,120.130.125.67
217,Vere,Clewlowe,vclewlowe60@utexas.edu,Female,124.206.125.103
218,Darnall,Spawell,dspawell61@jigsy.com,Male,186.4.224.124
219,Enrico,Clerk,eclerk62@sfgate.com,Male,55.104.241.181
220,Mackenzie,Dumberrill,mdumberrill63@businessinsider.com,Male,99.223.119.213
221,Inglis,Curror,icurror64@shop-pro.jp,Male,108.209.9.56
222,Goddart,Killich,gkillich65@joomla.org,Genderqueer,147.214.116.155
223,Harold,Rodmell,hrodmell66@canalblog.com,Male,198.203.239.70
224,Clerissa,Pawlicki,cpawlicki67@yelp.com,Female,187.169.16.233
225,Reinald,Bethel,rbethel68@cbslocal.com,Male,194.133.173.144
226,Olag,McInally,omcinally69@hugedomains.com,Agender,109.61.230.76
227,Susette,Stothard,sstothard6a@uol.com.br,Female,124.34.160.197
228,Kinny,Hearst,khearst6b@bravesites.com,Genderfluid,134.110.110.10
229,Saloma,Ferrettino,sferrettino6c@nhs.uk,Female,212.34.213.162
230,Alis,Ivanyutin,aivanyutin6d@comcast.net,Female,159.109.156.234
231,Teodorico,Stabler,tstabler6e@slashdot.org,Male,223.16.19.148
232,Mandel,Trustie,mtrustie6f@theguardian.com,Male,46.45.222.200
233,Grazia,Dureden,gdureden6g@cbsnews.com,Female,172.228.203.232
234,Pierette,Lampitt,plampitt6h@economist.com,Female,200.136.92.240
235,Libbie,Balbeck,lbalbeck6i@nature.com,Female,25.34.135.55
236,Tommi,Frangione,tfrangione6j@youtube.com,Female,51.88.67.77
237,Mathias,Ingman,mingman6k@google.pl,Male,79.180.199.129
238,Dre,Opy,dopy6l@odnoklassniki.ru,Female,16.223.111.107
239,Lemar,Ellson,lellson6m@npr.org,Male,14.97.5.130
240,Herta,Harrap,hharrap6n@networksolutions.com,Female,81.188.73.77
241,Zeb,Jordi,zjordi6o@issuu.com,Male,214.74.252.242
242,Brandy,Neal,bneal6p@people.com.cn,Female,174.160.57.118
243,Barnard,Melross,bmelross6q@scribd.com,Male,142.194.85.45
244,Essa,Lethibridge,elethibridge6r@skype.com,Female,77.104.15.165
245,Eolande,Ottee,eottee6s@nature.com,Female,49.99.26.222
246,Elizabet,Selborne,eselborne6t@vkontakte.ru,Female,164.41.244.6
247,Lucita,Atterley,latterley6u@nymag.com,Female,44.132.34.42
248,Johanna,Smead,jsmead6v@opera.com,Female,44.168.43.49
249,Thornie,Lindenbaum,tlindenbaum6w@taobao.com,Male,180.126.199.216
250,Consuela,Castan,ccastan6x@theatlantic.com,Female,195.12.69.153
251,Joan,Ashall,jashall6y@amazon.com,Female,219.97.246.28
252,Rich,Chilvers,rchilvers6z@reverbnation.com,Male,69.242.187.23
253,Megen,MacKay,mmackay70@dion.ne.jp,Female,159.212.56.18
254,Reggie,Kupka,rkupka71@engadget.com,Male,86.82.165.248
255,Wilfrid,Branston,wbranston72@goo.gl,Male,246.89.109.68
256,Morgen,Bassick,mbassick73@a8.net,Agender,185.123.95.116
257,Hanson,Aspel,haspel74@businesswire.com,Male,159.46.80.49
258,Husain,Chritchley,hchritchley75@salon.com,Agender,182.12.112.45
259,Anna,Seeds,aseeds76@ustream.tv,Female,161.166.76.210
260,Johannah,O'Downe,jodowne77@gmpg.org,Female,202.68.211.211
261,Gradeigh,Biaggioni,gbiaggioni78@about.me,Polygender,116.8.179.252
262,Carmina,Bartleman,cbartleman79@usda.gov,Female,96.2.226.81
263,Adrienne,Jaffray,ajaffray7a@wired.com,Female,80.232.166.6
264,Turner,Trevaskiss,ttrevaskiss7b@princeton.edu,Male,119.12.99.99
265,Emlyn,Colliar,ecolliar7c@themeforest.net,Male,218.74.25.224
266,Jasmina,Corrin,jcorrin7d@newyorker.com,Agender,66.126.154.73
267,Imojean,Mault,imault7e@ovh.net,Genderqueer,211.230.237.16
268,Elroy,Bartocci,ebartocci7f@miibeian.gov.cn,Male,60.130.67.35
269,Lishe,Pill,lpill7g@livejournal.com,Female,72.84.145.112
270,Donny,Postance,dpostance7h@ifeng.com,Male,79.103.53.190
271,Ezra,Scroggins,escroggins7i@wired.com,Male,186.14.159.200
272,Claudette,Lednor,clednor7j@fastcompany.com,Female,117.255.196.86
273,Aggie,Crammy,acrammy7k@ustream.tv,Female,127.50.146.183
274,Doralin,Freddi,dfreddi7l@weebly.com,Non-binary,255.77.71.68
275,Dal,McGarrity,dmcgarrity7m@slashdot.org,Male,249.137.52.45
276,Athena,Liley,aliley7n@t-online.de,Female,59.107.220.59
277,Marley,MacKeller,mmackeller7o@patch.com,Female,241.43.194.210
278,Patsy,Cowell,pcowell7p@un.org,Bigender,132.228.80.199
279,Rubetta,Benesevich,rbenesevich7q@is.gd,Female,183.98.164.217
280,Desmond,Currall,dcurrall7r@livejournal.com,Male,36.236.94.156
281,Obed,Iglesia,oiglesia7s@indiegogo.com,Male,28.181.145.39
282,Meaghan,Eger,meger7t@amazon.de,Female,26.41.226.199
283,Lelah,Aleavy,laleavy7u@mlb.com,Female,212.39.253.67
284,Jackie,Bresman,jbresman7v@csmonitor.com,Female,152.180.19.64
285,Melvin,Vinson,mvinson7w@answers.com,Male,49.98.157.122
286,Kermy,Gertray,kgertray7x@linkedin.com,Male,229.52.159.107
287,Dennis,Broadbridge,dbroadbridge7y@github.io,Male,77.25.251.209
288,Darbee,Blow,dblow7z@salon.com,Male,127.227.213.237
289,Norbert,Druhan,ndruhan80@mtv.com,Male,127.30.203.127
290,Clemmie,McNeish,cmcneish81@usa.gov,Female,133.128.47.249
291,Tedra,Boast,tboast82@huffingtonpost.com,Female,45.126.107.152
292,Harcourt,Andrzejczak,handrzejczak83@surveymonkey.com,Male,77.54.106.181
293,Rriocard,Billion,rbillion84@alibaba.com,Male,74.116.158.211
294,Thibaut,Stringfellow,tstringfellow85@nyu.edu,Male,57.137.86.233
295,Cloris,Swindall,cswindall86@marketwatch.com,Female,18.124.66.112
296,Phineas,Jakubovics,pjakubovics87@omniture.com,Agender,48.249.116.139
297,Jeramey,Lintin,jlintin88@ca.gov,Male,97.156.209.236
298,Staffard,Bosomworth,sbosomworth89@ihg.com,Male,166.230.250.95
299,Levin,Wabey,lwabey8a@phpbb.com,Male,105.57.199.187
300,Westbrooke,Brassill,wbrassill8b@unicef.org,Male,141.113.121.36
301,Andre,Gaymar,agaymar8c@wufoo.com,Genderfluid,201.130.1.141
302,Constantin,Jarrelt,cjarrelt8d@netvibes.com,Male,221.114.48.249
303,Filia,Thorald,fthorald8e@soup.io,Female,115.181.30.14
304,Blake,Menguy,bmenguy8f@ucoz.ru,Female,9.188.249.133
305,Stace,Velte,svelte8g@sina.com.cn,Female,81.62.147.189
306,Judd,Holhouse,jholhouse8h@surveymonkey.com,Male,122.219.172.15
307,Paddy,Shelvey,pshelvey8i@globo.com,Male,119.177.148.152
308,Elliot,Burditt,eburditt8j@aboutads.info,Male,176.192.202.101
309,Gerald,Hackwell,ghackwell8k@360.cn,Male,7.67.126.87
310,Sauveur,Skyram,sskyram8l@marriott.com,Male,48.51.180.74
311,Gabrielle,Impey,gimpey8m@phpbb.com,Genderfluid,2.79.42.101
312,Adelaida,Cahani,acahani8n@studiopress.com,Female,221.194.112.140
313,Callie,St. Quentin,cstquentin8o@about.com,Female,122.123.16.97
314,Winona,Rosendale,wrosendale8p@4shared.com,Genderfluid,149.157.190.196
315,Alena,Woolvett,awoolvett8q@army.mil,Female,164.12.184.198
316,Doralia,Castro,dcastro8r@photobucket.com,Polygender,1.72.96.220
317,Daisey,Cripps,dcripps8s@sina.com.cn,Female,25.49.15.143
318,Conni,Dallewater,cdallewater8t@ebay.co.uk,Female,194.188.33.98
319,Patricio,Ebbrell,pebbrell8u@vistaprint.com,Male,215.24.156.208
320,Desi,Beviss,dbeviss8v@desdev.cn,Male,105.21.92.36
321,Cassandre,Miskelly,cmiskelly8w@hud.gov,Female,225.218.36.102
322,Lorrie,Sealeaf,lsealeaf8x@ehow.com,Male,86.217.224.81
323,Ezekiel,Wyon,ewyon8y@icio.us,Polygender,229.210.165.207
324,Tanney,Jeckell,tjeckell8z@dagondesign.com,Genderqueer,121.147.103.87
325,Suzanna,Cota,scota90@etsy.com,Female,18.88.57.28
326,Bren,Starcks,bstarcks91@noaa.gov,Male,247.136.249.29
327,Fernandina,Satchell,fsatchell92@washington.edu,Female,230.145.68.142
328,Serge,Speares,sspeares93@webmd.com,Genderqueer,78.99.202.12
329,Melisa,Dunk,mdunk94@squidoo.com,Female,251.215.166.194
330,Neils,Stopp,nstopp95@chicagotribune.com,Male,29.103.174.108
331,Rudiger,Hamshar,rhamshar96@japanpost.jp,Male,4.154.88.193
332,Maure,Bernardet,mbernardet97@webmd.com,Female,134.108.118.90
333,Katrina,Larrosa,klarrosa98@mozilla.com,Female,121.33.164.23
334,Gerrie,O'Donohue,godonohue99@blog.com,Female,130.6.111.236
335,Rabbi,Bosse,rbosse9a@jigsy.com,Male,38.204.136.188
336,Simeon,Champney,schampney9b@ning.com,Male,133.2.36.168
337,Gisela,Elham,gelham9c@mtv.com,Agender,69.229.156.207
338,Malanie,Abatelli,mabatelli9d@sbwire.com,Female,219.56.9.101
339,Lorne,Luckie,lluckie9e@mapy.cz,Non-binary,209.53.20.32
340,Dorie,Ellen,dellen9f@livejournal.com,Male,15.211.146.205
341,Natty,Moresby,nmoresby9g@apple.com,Female,81.183.226.35
342,Ichabod,Ramsey,iramsey9h@chron.com,Male,22.229.144.238
343,Derk,Trevance,dtrevance9i@imageshack.us,Male,81.67.227.217
344,Darsey,Brome,dbrome9j@fc2.com,Female,30.211.25.179
345,Wadsworth,Lemme,wlemme9k@mlb.com,Male,83.80.94.220
346,Bernette,Wherrett,bwherrett9l@gmpg.org,Female,252.81.250.73
347,Lind,Choppin,lchoppin9m@ucoz.ru,Male,65.42.247.222
348,Freemon,Balfour,fbalfour9n@ucoz.ru,Male,73.244.155.70
349,Doralia,Youhill,dyouhill9o@hao123.com,Female,127.214.224.217
350,Adel,Bereford,abereford9p@buzzfeed.com,Female,137.104.119.110
351,Freddy,Ilden,filden9q@ask.com,Female,21.75.66.227
352,Edeline,Cogar,ecogar9r@usa.gov,Female,7.84.187.35
353,Tonnie,Slocum,tslocum9s@tripadvisor.com,Male,28.72.115.161
354,Aurel,Minshull,aminshull9t@europa.eu,Female,249.188.216.231
355,Eamon,Tanfield,etanfield9u@cnbc.com,Male,109.60.60.237
356,Ivonne,Trevascus,itrevascus9v@google.co.jp,Genderfluid,213.14.56.39
357,Gerek,Poley,gpoley9w@jiathis.com,Male,248.5.129.250
358,Roby,Sainsberry,rsainsberry9x@dailymotion.com,Female,147.134.53.12
359,Gayleen,Drife,gdrife9y@ebay.com,Female,120.68.70.116
360,Hanni,Linnit,hlinnit9z@skyrock.com,Female,27.199.48.134
361,Yulma,Jaume,yjaumea0@ifeng.com,Male,120.49.201.194
362,Pamella,McNeish,pmcneisha1@sakura.ne.jp,Female,243.19.161.184
363,Alexei,Noah,anoaha2@lulu.com,Genderqueer,46.206.230.251
364,Claudia,Howsley,chowsleya3@shutterfly.com,Female,40.210.56.137
365,Raphaela,Andreix,randreixa4@adobe.com,Female,185.54.219.121
366,Rora,Luter,rlutera5@ow.ly,Female,44.86.53.127
367,Jamison,Colebrook,jcolebrooka6@about.com,Genderqueer,223.164.244.201
368,Manny,Albon,malbona7@nifty.com,Male,52.254.237.172
369,Mathian,Duckering,mduckeringa8@last.fm,Male,2.48.55.128
370,Cherice,Valentin,cvalentina9@clickbank.net,Female,105.148.136.50
371,Andy,Phipps,aphippsaa@shutterfly.com,Male,202.46.3.255
372,Laverna,Whatley,lwhatleyab@mail.ru,Female,206.157.127.110
373,Albina,Pirot,apirotac@ask.com,Female,30.46.42.200
374,Verine,Trayhorn,vtrayhornad@mysql.com,Genderfluid,2.202.228.155
375,Olimpia,Edgin,oedginae@eepurl.com,Female,99.249.79.226
376,Min,Pigden,mpigdenaf@chron.com,Female,206.137.140.173
377,Cherish,Stillmann,cstillmannag@soundcloud.com,Bigender,116.119.13.25
378,Fidelity,McMurraya,fmcmurrayaah@indiegogo.com,Female,57.0.10.64
379,Melessa,Cleland,mclelandai@squidoo.com,Female,105.177.76.60
380,Oralla,Shelp,oshelpaj@dailymail.co.uk,Female,255.188.61.107
381,Bobbye,Mollindinia,bmollindiniaak@cloudflare.com,Female,132.116.32.237
382,Frederick,Attiwill,fattiwillal@yandex.ru,Male,193.74.65.50
383,Codi,Noorwood,cnoorwoodam@ca.gov,Male,181.47.85.132
384,Kaiser,Glackin,kglackinan@un.org,Male,200.123.80.174
385,Raimund,Cram,rcramao@mozilla.org,Male,203.71.192.100
386,Barnie,Batchellor,bbatchellorap@stanford.edu,Male,189.151.71.20
387,Jenni,Hourstan,jhourstanaq@webnode.com,Female,26.183.32.231
388,Brinn,Ricardin,bricardinar@huffingtonpost.com,Female,173.65.91.49
389,Vaughn,Kays,vkaysas@rakuten.co.jp,Male,154.98.202.127
390,Abey,Hibling,ahiblingat@patch.com,Male,245.248.121.13
391,Massimiliano,Shower,mshowerau@yellowbook.com,Male,201.180.65.208
392,Barnett,Cronshaw,bcronshawav@wsj.com,Male,38.32.180.68
393,Agna,Brunn,abrunnaw@merriam-webster.com,Female,78.150.51.118
394,Alix,Gravett,agravettax@histats.com,Male,226.27.194.71
395,Hana,Kitchenham,hkitchenhamay@oracle.com,Female,199.61.194.53
396,Francisca,Heynel,fheynelaz@admin.ch,Female,128.121.168.152
397,Doro,Whorall,dwhorallb0@yandex.ru,Female,231.32.74.195
398,Jon,Job,jjobb1@youku.com,Male,229.231.3.74
399,Charita,Gorgen,cgorgenb2@japanpost.jp,Female,245.255.28.128
400,Coralie,Hayhurst,chayhurstb3@mit.edu,Female,127.152.81.172
401,Henderson,Thorrold,hthorroldb4@bizjournals.com,Male,154.102.179.194
402,Pyotr,Labbett,plabbettb5@ucoz.ru,Genderqueer,213.126.102.23
403,Honey,Orme,hormeb6@google.com.au,Female,88.141.120.141
404,Cinderella,Dilston,cdilstonb7@t-online.de,Female,211.145.91.182
405,Templeton,Wife,twifeb8@bizjournals.com,Male,181.191.53.180
406,Rodie,O'Donnelly,rodonnellyb9@epa.gov,Female,108.14.231.87
407,Ervin,Dillintone,edillintoneba@ox.ac.uk,Male,38.115.105.64
408,Lorilyn,Veale,lvealebb@digg.com,Female,226.69.230.144
409,Jobyna,Elsmore,jelsmorebc@chronoengine.com,Female,69.17.34.199
410,Buckie,Overnell,bovernellbd@fotki.com,Male,250.80.68.188
411,Elisabetta,Klaggeman,eklaggemanbe@google.fr,Female,94.79.143.106
412,Marcel,De Avenell,mdeavenellbf@digg.com,Male,74.176.23.109
413,Eloise,Jeffes,ejeffesbg@amazon.com,Female,33.231.131.37
414,Thornton,Hallede,thalledebh@posterous.com,Male,216.116.18.104
415,Drusi,Seamons,dseamonsbi@irs.gov,Bigender,193.107.2.21
416,Scarlett,Whiff,swhiffbj@prlog.org,Genderqueer,179.162.145.189
417,Erick,Goodoune,egoodounebk@businesswire.com,Male,159.246.254.88
418,Wyndham,Riba,wribabl@cocolog-nifty.com,Genderfluid,124.90.20.230
419,Donavon,Aspling,dasplingbm@unicef.org,Male,116.84.82.227
420,Junie,Skep,jskepbn@discovery.com,Bigender,82.123.188.206
421,Jobyna,Finci,jfincibo@va.gov,Female,234.201.153.20
422,Lee,Cancellor,lcancellorbp@google.es,Female,135.196.104.23
423,Selie,Thrush,sthrushbq@usda.gov,Female,63.210.198.230
424,Ruthi,Bradborne,rbradbornebr@ask.com,Female,183.128.96.176
425,Sharyl,Avrahm,savrahmbs@bing.com,Female,71.202.80.75
426,Gwen,Dach,gdachbt@issuu.com,Female,200.232.231.194
427,Daren,Pennuzzi,dpennuzzibu@dot.gov,Male,49.59.49.189
428,Camey,Janny,cjannybv@mediafire.com,Male,28.189.132.48
429,Freida,Kulis,fkulisbw@soundcloud.com,Genderqueer,101.118.90.149
430,Vaughn,Stefi,vstefibx@pbs.org,Male,153.133.254.143
431,Elene,Rolin,erolinby@deviantart.com,Female,144.36.169.153
432,Jazmin,Blondel,jblondelbz@walmart.com,Female,27.77.181.175
433,Tisha,Burnsides,tburnsidesc0@ucla.edu,Female,49.180.188.33
434,Portia,Kezar,pkezarc1@comsenz.com,Female,229.182.244.37
435,Chrystel,Simonett,csimonettc2@google.it,Female,1.156.78.207
436,Fifi,Kroin,fkroinc3@google.com,Female,154.139.83.175
437,Harp,Fausset,hfaussetc4@theguardian.com,Male,172.159.247.40
438,Felizio,Gladstone,fgladstonec5@blogtalkradio.com,Male,184.35.159.75
439,Myranda,Issatt,missattc6@mapy.cz,Female,54.189.4.233
440,Diahann,Louth,dlouthc7@bizjournals.com,Female,143.184.164.214
441,Felike,Crawley,fcrawleyc8@over-blog.com,Male,131.6.174.131
442,Keven,Schuricke,kschurickec9@prnewswire.com,Bigender,242.140.185.19
443,Joey,Circuit,jcircuitca@weather.com,Female,39.17.41.47
444,Lenci,Ossenna,lossennacb@bloglovin.com,Male,133.57.8.117
445,Ker,Carillo,kcarillocc@tinypic.com,Male,103.234.209.174
446,Eve,Heitz,eheitzcd@google.pl,Female,15.124.61.212
447,Antony,Boumphrey,aboumphreyce@networksolutions.com,Polygender,155.255.193.205
448,Inga,MacPharlain,imacpharlaincf@histats.com,Female,74.45.206.3
449,Ronnie,Champkins,rchampkinscg@last.fm,Male,74.53.23.197
450,Dru,Verney,dverneych@paypal.com,Male,125.215.87.120
451,Benedetto,Hartles,bhartlesci@qq.com,Male,79.4.116.91
452,Gordy,McKmurrie,gmckmurriecj@4shared.com,Male,221.136.165.244
453,Derrik,Tapp,dtappck@photobucket.com,Male,221.26.189.171
454,Rickie,Cowherd,rcowherdcl@go.com,Male,111.73.42.123
455,Lemuel,Gallehawk,lgallehawkcm@nih.gov,Male,98.11.162.116
456,Constance,Mallender,cmallendercn@independent.co.uk,Female,43.138.8.102
457,Rustin,Freathy,rfreathyco@engadget.com,Male,13.27.175.158
458,Isabelita,Tubbs,itubbscp@google.co.uk,Female,205.101.192.99
459,Simeon,Amer,samercq@weebly.com,Male,0.195.70.57
460,Stacia,Fazan,sfazancr@hc360.com,Female,225.161.33.34
461,Aurilia,Lates,alatescs@squarespace.com,Female,191.179.180.213
462,Nicolina,Colegate,ncolegatect@rakuten.co.jp,Female,44.227.105.218
463,Seymour,Roycroft,sroycroftcu@time.com,Male,70.221.229.130
464,Prentiss,Byrcher,pbyrchercv@ow.ly,Male,105.29.164.93
465,Sonya,Slevin,sslevincw@discuz.net,Female,254.128.188.3
466,Cornelia,Tyrone,ctyronecx@ask.com,Female,118.243.148.18
467,Rex,Hamlet,rhamletcy@irs.gov,Male,63.236.5.92
468,Salomon,Abramzon,sabramzoncz@hexun.com,Male,133.9.135.235
469,Milli,Sturzaker,msturzakerd0@miitbeian.gov.cn,Female,90.43.106.237
470,Winifred,Schenfisch,wschenfischd1@miibeian.gov.cn,Female,157.226.26.67
471,Merline,Brownbridge,mbrownbridged2@loc.gov,Female,217.167.196.61
472,Glenna,Jozaitis,gjozaitisd3@jalbum.net,Female,157.143.122.133
473,Sherlock,Phelps,sphelpsd4@goo.ne.jp,Male,217.180.25.170
474,Gifford,Flarity,gflarityd5@jiathis.com,Male,32.122.63.154
475,Eduard,McAnalley,emcanalleyd6@posterous.com,Male,199.93.41.22
476,Maddalena,Cryer,mcryerd7@bandcamp.com,Female,227.195.113.180
477,Herbie,Corringham,hcorringhamd8@auda.org.au,Male,196.184.172.98
478,Ania,Dallaway,adallawayd9@cbc.ca,Agender,222.74.100.48
479,Dennie,Pomfret,dpomfretda@rambler.ru,Male,217.138.152.107
480,Brandea,Tomkies,btomkiesdb@soundcloud.com,Female,206.221.235.217
481,Devy,O' Cloney,docloneydc@simplemachines.org,Male,180.40.194.171
482,Toni,Fomichyov,tfomichyovdd@pcworld.com,Female,33.150.159.13
483,Erich,Bowering,eboweringde@marriott.com,Male,42.60.15.165
484,Livvy,Groll,lgrolldf@squidoo.com,Female,52.131.28.181
485,Doy,Beaumont,dbeaumontdg@tinypic.com,Male,171.42.185.151
486,Barnie,Polgreen,bpolgreendh@etsy.com,Male,244.36.104.38
487,Klaus,O'Hickey,kohickeydi@ox.ac.uk,Male,52.153.119.162
488,Winni,Hoston,whostondj@cmu.edu,Female,240.159.111.185
489,Aguistin,McIlharga,amcilhargadk@behance.net,Male,173.121.9.73
490,Cyril,Eaklee,ceakleedl@baidu.com,Male,221.96.103.50
491,Stanislaus,Tressler,stresslerdm@timesonline.co.uk,Male,42.139.152.86
492,Delmor,Fried,dfrieddn@storify.com,Male,99.241.132.249
493,Westley,Burberye,wburberyedo@businessinsider.com,Male,133.94.0.159
494,Ephrayim,Warcup,ewarcupdp@howstuffworks.com,Male,220.183.109.155
495,Keefe,Akehurst,kakehurstdq@census.gov,Male,213.240.1.188
496,Peria,Thirlaway,pthirlawaydr@jugem.jp,Non-binary,108.52.225.132
497,Kaja,Wimpey,kwimpeyds@howstuffworks.com,Female,45.147.57.153
498,Phillip,Elcy,pelcydt@privacy.gov.au,Male,115.49.146.121
499,Gannon,Zahor,gzahordu@nih.gov,Male,26.11.250.64
500,Levy,Caulcutt,lcaulcuttdv@jigsy.com,Male,6.240.207.109
501,Fredrika,Metrick,fmetrickdw@engadget.com,Female,82.153.58.210
502,Saul,Stickels,sstickelsdx@w3.org,Male,255.187.140.156
503,Dre,Scarffe,dscarffedy@cloudflare.com,Female,156.176.201.100
504,Shani,Dank,sdankdz@google.pl,Female,106.187.94.114
505,Jeanne,Pelosi,jpelosie0@paypal.com,Female,108.137.31.159
506,Milissent,Heindrick,mheindricke1@jimdo.com,Polygender,212.158.219.73
507,Norrie,Abendroth,nabendrothe2@indiatimes.com,Female,184.43.148.250
508,Jozef,Chittim,jchittime3@pbs.org,Male,132.37.104.67
509,Levin,Isbell,lisbelle4@mayoclinic.com,Male,190.100.159.165
510,Brianna,Bellson,bbellsone5@constantcontact.com,Bigender,145.69.79.252
511,Missie,Boosey,mbooseye6@usgs.gov,Female,74.102.105.40
512,Melantha,Readie,mreadiee7@reuters.com,Female,138.6.163.152
513,Elva,Wenman,ewenmane8@ft.com,Female,142.47.199.25
514,Raimundo,Burgon,rburgone9@intel.com,Male,124.242.81.100
515,Cordie,Matthews,cmatthewsea@wikimedia.org,Female,226.111.111.93
516,Anthony,Trevillion,atrevillioneb@scientificamerican.com,Male,241.169.246.86
517,Munroe,Vasovic,mvasovicec@people.com.cn,Male,22.230.175.220
518,Fee,Buffin,fbuffined@patch.com,Male,172.224.53.88
519,Debbi,Scallan,dscallanee@squidoo.com,Female,227.35.140.133
520,Riki,Filpo,rfilpoef@alexa.com,Female,173.166.119.173
521,Dov,Astin,dastineg@pagesperso-orange.fr,Male,224.246.80.24
522,Catriona,Pettisall,cpettisalleh@twitter.com,Female,54.69.39.4
523,Trumann,Sibley,tsibleyei@goo.gl,Male,116.62.170.134
524,Marchelle,Kubas,mkubasej@economist.com,Female,123.143.159.31
525,Fransisco,Grishukov,fgrishukovek@utexas.edu,Male,128.193.161.181
526,Dorothy,Dews,ddewsel@arizona.edu,Female,138.189.147.123
527,Willem,Bessom,wbessomem@mac.com,Male,39.221.167.185
528,Binnie,De Wolfe,bdewolfeen@dailymail.co.uk,Female,47.214.106.30
529,Durward,Denyer,ddenyereo@xing.com,Male,79.139.140.238
530,Cyrillus,Konig,ckonigep@homestead.com,Male,252.29.92.238
531,Rois,Blue,rblueeq@shop-pro.jp,Female,109.249.37.144
532,Constantin,Macey,cmaceyer@hp.com,Male,249.185.110.76
533,Waldemar,Ianno,wiannoes@nasa.gov,Male,23.195.237.38
534,Ambrose,Gorton,agortonet@icio.us,Male,106.1.213.90
535,Winston,Waind,wwaindeu@wikispaces.com,Male,37.217.134.167
536,Stormi,Impey,simpeyev@ox.ac.uk,Female,15.38.13.29
537,Curry,Canet,ccanetew@cdc.gov,Male,184.123.142.119
538,Clayborne,Eastup,ceastupex@toplist.cz,Male,231.116.241.103
539,Grete,Piff,gpiffey@miibeian.gov.cn,Female,159.12.80.20
540,Lelia,Hauger,lhaugerez@yellowbook.com,Female,118.230.90.47
541,Babbie,Adamiak,badamiakf0@mysql.com,Female,118.242.254.81
542,Enid,Scallon,escallonf1@e-recht24.de,Female,104.100.202.132
543,Ichabod,Le-Good,ilegoodf2@eventbrite.com,Male,211.216.200.197
544,Dagmar,Dagnall,ddagnallf3@geocities.jp,Agender,9.251.246.117
545,Paolina,Fries,pfriesf4@usa.gov,Female,15.196.99.168
546,Mike,Robe,mrobef5@booking.com,Male,170.249.254.68
547,Marybeth,Mackerel,mmackerelf6@t-online.de,Female,231.124.43.97
548,Willy,MacNeilly,wmacneillyf7@clickbank.net,Female,128.19.238.33
549,Katey,Friett,kfriettf8@cdc.gov,Female,161.210.234.82
550,Alyda,Pitone,apitonef9@berkeley.edu,Female,147.213.55.188
551,Shoshana,Kingshott,skingshottfa@studiopress.com,Female,107.168.4.206
552,Gracie,Canellas,gcanellasfb@360.cn,Female,0.90.227.178
553,Krisha,Piddick,kpiddickfc@telegraph.co.uk,Male,174.236.135.44
554,Freida,Skamal,fskamalfd@archive.org,Female,175.252.57.211
555,Percival,MacCallester,pmaccallesterfe@hexun.com,Genderfluid,143.12.214.160
556,Garnet,Babe,gbabeff@weibo.com,Female,77.202.254.49
557,Wake,Denny,wdennyfg@wix.com,Male,175.89.26.244
558,Cad,Oxtaby,coxtabyfh@stanford.edu,Male,151.204.1.103
559,Reube,Mandrey,rmandreyfi@networksolutions.com,Male,202.215.0.249
560,Cosmo,Dibb,cdibbfj@moonfruit.com,Male,116.100.55.8
561,Esme,Meakin,emeakinfk@google.es,Female,234.101.157.56
562,Harald,Hurkett,hhurkettfl@wordpress.com,Male,205.89.166.24
563,Jeni,Karlicek,jkarlicekfm@cdbaby.com,Female,188.153.155.123
564,Iain,Storie,istoriefn@cdc.gov,Male,93.72.5.6
565,Maje,Sturton,msturtonfo@deliciousdays.com,Male,51.133.9.192
566,Romain,Allcott,rallcottfp@reuters.com,Male,128.28.97.62
567,Percy,Burvill,pburvillfq@hp.com,Male,242.120.123.51
568,Armin,Cutajar,acutajarfr@msn.com,Male,12.215.249.243
569,Danny,Hovert,dhovertfs@goo.ne.jp,Female,116.75.45.6
570,Alphonse,Ambrogioni,aambrogionift@jugem.jp,Male,28.92.144.72
571,Kippy,MacAless,kmacalessfu@zdnet.com,Male,84.96.140.17
572,Shaylah,Prangle,spranglefv@dion.ne.jp,Female,73.45.99.17
573,Ly,Pugh,lpughfw@mapy.cz,Male,137.64.42.168
574,Adan,Barrack,abarrackfx@census.gov,Female,99.169.219.150
575,Angel,Arber,aarberfy@vistaprint.com,Female,124.216.236.101
576,Garwood,Van den Velde,gvandenveldefz@msu.edu,Male,2.127.176.102
577,Isiahi,Darwin,idarwing0@plala.or.jp,Polygender,18.47.62.117
578,Darius,Parmenter,dparmenterg1@cmu.edu,Male,59.0.47.95
579,Bartholemy,McGavin,bmcgaving2@bloglovin.com,Male,69.189.245.152
580,Fonzie,Mersey,fmerseyg3@ovh.net,Male,69.243.100.145
581,Larine,Huggons,lhuggonsg4@usnews.com,Female,212.3.252.227
582,Wilton,Francklyn,wfrancklyng5@nydailynews.com,Male,74.38.180.130
583,Sherie,Panting,spantingg6@ca.gov,Female,19.151.253.247
584,Abbie,Jakoub,ajakoubg7@wsj.com,Female,200.35.140.249
585,Bing,Pratchett,bpratchettg8@amazon.de,Male,91.112.85.179
586,De witt,Harriot,dharriotg9@amazonaws.com,Male,82.205.167.134
587,Jodi,Izhaky,jizhakyga@edublogs.org,Male,111.45.77.239
588,Norrie,Smitherman,nsmithermangb@lulu.com,Male,111.150.32.74
589,Katherina,Clampe,kclampegc@google.co.jp,Female,129.183.207.116
590,Nathanil,Pilkinton,npilkintongd@deliciousdays.com,Male,194.150.127.52
591,Charil,Messer,cmesserge@networksolutions.com,Female,22.92.41.70
592,Dee dee,Rojas,drojasgf@hostgator.com,Female,168.211.247.225
593,Clemmie,Reder,credergg@shop-pro.jp,Male,206.228.251.62
594,Celisse,Shildrake,cshildrakegh@xrea.com,Female,112.110.184.0
595,Margot,Cottrill,mcottrillgi@businessweek.com,Female,116.213.156.72
596,Nesta,Foxley,nfoxleygj@economist.com,Female,17.241.172.61
597,Elysha,Eborall,eeborallgk@bizjournals.com,Female,109.69.157.80
598,Mirabella,Grogan,mgrogangl@noaa.gov,Female,219.118.57.134
599,Ethyl,Bloxam,ebloxamgm@networkadvertising.org,Female,166.98.186.88
600,Mohandis,Lacotte,mlacottegn@mashable.com,Male,185.61.202.107
601,Berton,Roloff,broloffgo@about.me,Male,56.115.254.177
602,Otto,Nuemann,onuemanngp@wikipedia.org,Male,88.242.144.152
603,Olivia,Reis,oreisgq@berkeley.edu,Female,171.252.136.245
604,Colly,Greener,cgreenergr@i2i.jp,Female,187.88.212.120
605,Stillman,Dobkin,sdobkings@reference.com,Male,233.54.25.117
606,Toddie,Jerrams,tjerramsgt@google.com,Male,140.157.137.44
607,Susanetta,Ingerson,singersongu@xrea.com,Female,53.201.3.198
608,Flora,Fassam,ffassamgv@cnbc.com,Female,29.135.129.201
609,Trula,Woehler,twoehlergw@gravatar.com,Female,188.96.28.178
610,Wanda,Tebb,wtebbgx@oracle.com,Female,177.180.54.76
611,Caro,Claremont,cclaremontgy@nifty.com,Female,25.173.156.96
612,Moore,Maciejewski,mmaciejewskigz@gnu.org,Polygender,251.248.162.201
613,Alicia,Wiffield,awiffieldh0@dedecms.com,Female,4.197.5.144
614,Conroy,Filipic,cfilipich1@statcounter.com,Male,163.242.194.237
615,Marice,Studde,mstuddeh2@sfgate.com,Female,255.15.213.71
616,Gillian,Itscowicz,gitscowiczh3@google.ca,Female,137.9.139.203
617,Antoine,Paterson,apatersonh4@bravesites.com,Male,20.32.205.114
618,Dore,Kenner,dkennerh5@skyrock.com,Non-binary,39.203.219.198
619,Joshua,Lilburne,jlilburneh6@1688.com,Male,222.64.255.141
620,Adrien,Day,adayh7@cafepress.com,Male,255.63.252.237
621,Dahlia,Peirazzi,dpeirazzih8@acquirethisname.com,Female,160.227.176.210
622,Astrid,Gentile,agentileh9@seesaa.net,Female,236.199.196.240
623,Kelsi,Renard,krenardha@arstechnica.com,Female,96.35.163.124
624,Kaspar,Tollit,ktollithb@statcounter.com,Male,241.248.252.130
625,Leonidas,Goodluck,lgoodluckhc@wikimedia.org,Male,19.236.193.1
626,Gusti,Marrable,gmarrablehd@goo.gl,Female,252.109.135.250
627,Dalis,Roy,droyhe@house.gov,Male,254.153.126.62
628,Sari,Leeds,sleedshf@huffingtonpost.com,Female,62.75.238.143
629,Cody,Trowill,ctrowillhg@columbia.edu,Male,4.114.7.42
630,Arlette,Thonason,athonasonhh@ucoz.com,Female,224.142.189.129
631,Chalmers,Sudddard,csudddardhi@geocities.jp,Male,108.217.192.188
632,Rosalyn,Smales,rsmaleshj@canalblog.com,Non-binary,146.88.108.231
633,Giraud,De Castri,gdecastrihk@printfriendly.com,Male,97.175.248.194
634,Hedy,Atyeo,hatyeohl@freewebs.com,Female,239.220.91.125
635,Courtney,Iwanowicz,ciwanowiczhm@unicef.org,Male,143.251.217.4
636,Stephanus,Teggin,stegginhn@dagondesign.com,Male,97.179.137.191
637,Demott,Eliaz,deliazho@plala.or.jp,Male,252.96.160.148
638,Kennedy,Hawkey,khawkeyhp@blogtalkradio.com,Male,114.149.20.139
639,Sosanna,Lyal,slyalhq@mediafire.com,Female,38.215.120.198
640,Elston,Dmiterko,edmiterkohr@godaddy.com,Male,243.40.79.226
641,Pippo,Tour,ptourhs@canalblog.com,Male,189.135.155.31
642,Aleen,Muslim,amuslimht@cisco.com,Female,16.178.174.144
643,Ulla,Grgic,ugrgichu@twitpic.com,Female,100.50.39.45
644,Kitti,Tessier,ktessierhv@europa.eu,Female,241.121.166.162
645,Tybi,Lytle,tlytlehw@sakura.ne.jp,Female,85.218.3.89
646,Verla,Pitcaithly,vpitcaithlyhx@nhs.uk,Female,149.146.123.211
647,Anna,Coyne,acoynehy@yellowpages.com,Female,255.102.215.42
648,Eirena,Godbold,egodboldhz@seattletimes.com,Female,162.90.253.190
649,Mickie,Brychan,mbrychani0@tuttocitta.it,Female,214.10.111.85
650,Celinda,Bamlett,cbamletti1@github.io,Female,84.185.62.146
651,Sean,Loveitt,sloveitti2@prweb.com,Male,155.193.222.122
652,Boycie,Schulke,bschulkei3@google.cn,Polygender,207.252.235.236
653,Elbertina,Bradock,ebradocki4@dailymotion.com,Female,199.2.104.162
654,Nettie,BURWIN,nburwini5@myspace.com,Female,116.192.19.237
655,Garry,Tarry,gtarryi6@aol.com,Non-binary,11.177.219.11
656,Heinrick,Filipovic,hfilipovici7@illinois.edu,Male,106.166.111.110
657,Delano,Housbie,dhousbiei8@tmall.com,Male,233.111.167.69
658,Kaspar,Woolfoot,kwoolfooti9@amazonaws.com,Male,120.40.99.97
659,Lauraine,Croxley,lcroxleyia@ovh.net,Female,110.130.11.165
660,Lilia,Morin,lmorinib@vimeo.com,Female,94.171.30.200
661,Mychal,Gosswell,mgosswellic@zdnet.com,Male,117.202.250.221
662,Lynn,Peinton,lpeintonid@google.pl,Female,66.100.70.35
663,Nikola,Darling,ndarlingie@ask.com,Male,226.78.168.134
664,Jeanie,Bishell,jbishellif@earthlink.net,Female,219.53.35.76
665,Hamlin,Zanneli,hzanneliig@blogspot.com,Male,31.19.102.78
666,De witt,Doget,ddogetih@weebly.com,Male,58.207.212.92
667,Valera,Enevold,venevoldii@ucoz.ru,Female,34.49.71.229
668,Larina,Ventom,lventomij@over-blog.com,Female,93.119.168.21
669,Gareth,Schankelborg,gschankelborgik@forbes.com,Male,10.12.215.175
670,Catlaina,Demschke,cdemschkeil@surveymonkey.com,Female,76.170.248.240
671,Barbi,Cuddon,bcuddonim@privacy.gov.au,Agender,143.107.154.125
672,Aile,Liell,aliellin@google.cn,Female,185.169.86.166
673,Alyosha,Curry,acurryio@etsy.com,Male,153.22.12.124
674,Laureen,Blythe,lblytheip@noaa.gov,Female,233.136.153.92
675,Lazaro,Hucknall,lhucknalliq@vinaora.com,Male,8.31.132.199
676,Brittaney,Foot,bfootir@patch.com,Female,251.35.198.113
677,Marion,Gomes,mgomesis@chronoengine.com,Male,195.210.17.202
678,Jemmie,Quixley,jquixleyit@com.com,Female,240.129.29.242
679,Kristina,Holsey,kholseyiu@merriam-webster.com,Female,228.23.152.224
680,Garvy,Bruford,gbrufordiv@1688.com,Male,212.116.162.79
681,Arlee,Bagniuk,abagniukiw@google.co.uk,Female,70.95.173.174
682,Julie,Gascone,jgasconeix@mediafire.com,Female,206.132.195.1
683,Oran,Pelosi,opelosiiy@google.com,Male,127.27.181.123
684,Janifer,Wilshin,jwilshiniz@usa.gov,Female,130.216.224.84
685,Lorrie,Maycock,lmaycockj0@accuweather.com,Male,142.253.109.143
686,Freeland,Kingswood,fkingswoodj1@infoseek.co.jp,Male,218.83.29.174
687,Zorina,Snoxill,zsnoxillj2@bizjournals.com,Female,24.250.7.82
688,Cornell,Ettritch,cettritchj3@youtube.com,Male,189.174.122.55
689,Ambrosius,Spiteri,aspiterij4@newyorker.com,Male,174.149.210.25
690,Johnette,Strelitzki,jstrelitzkij5@hp.com,Genderqueer,5.20.244.247
691,Urbanus,Cockings,ucockingsj6@creativecommons.org,Male,58.172.32.199
692,Margalit,Stainsby,mstainsbyj7@scientificamerican.com,Female,88.243.144.95
693,Janis,Flade,jfladej8@theatlantic.com,Female,231.84.246.135
694,Sayre,Rizzardo,srizzardoj9@netvibes.com,Male,127.92.79.252
695,Astrid,Bubeer,abubeerja@sciencedaily.com,Female,199.114.44.177
696,Juieta,Bielfeld,jbielfeldjb@quantcast.com,Female,200.31.12.229
697,Lynea,Drayn,ldraynjc@unc.edu,Female,87.219.62.46
698,Zuzana,Brisland,zbrislandjd@google.com.br,Female,122.54.95.52
699,La verne,Kilgallen,lkilgallenje@usatoday.com,Agender,244.49.117.166
700,Britteny,Eplett,beplettjf@webs.com,Female,243.5.45.53
701,Vikki,Bossons,vbossonsjg@berkeley.edu,Female,143.34.145.146
702,Brewer,Brumble,bbrumblejh@yahoo.co.jp,Male,224.147.135.176
703,Beale,Sayburn,bsayburnji@hubpages.com,Male,173.205.34.147
704,Jarrad,Grimsdith,jgrimsdithjj@themeforest.net,Male,176.218.247.207
705,Borden,Smails,bsmailsjk@xing.com,Male,3.164.221.108
706,Harris,Tompkinson,htompkinsonjl@walmart.com,Bigender,59.237.175.214
707,Rudiger,Ghio,rghiojm@about.me,Male,241.120.251.122
708,Fallon,Bownde,fbowndejn@google.fr,Non-binary,181.74.141.170
709,Bevvy,Scraney,bscraneyjo@weibo.com,Non-binary,37.166.173.169
710,Lefty,Acomb,lacombjp@spotify.com,Male,106.134.70.73
711,Linette,Perview,lperviewjq@blogtalkradio.com,Agender,33.149.111.99
712,Alwin,Piddington,apiddingtonjr@washingtonpost.com,Male,203.148.224.171
713,Gareth,Koch,gkochjs@china.com.cn,Agender,173.99.88.137
714,Susie,Daintree,sdaintreejt@simplemachines.org,Female,246.20.30.6
715,Rita,Duddle,rduddleju@unicef.org,Female,63.228.157.100
716,Tyrus,Brassill,tbrassilljv@discovery.com,Male,229.91.127.194
717,Sybilla,Tebbut,stebbutjw@harvard.edu,Female,172.213.230.227
718,Dwight,Laxston,dlaxstonjx@baidu.com,Male,245.169.127.56
719,Gherardo,Joul,gjouljy@harvard.edu,Male,109.104.242.0
720,Diane-marie,Schroder,dschroderjz@businesswire.com,Female,186.248.78.83
721,Rog,Boyet,rboyetk0@odnoklassniki.ru,Polygender,48.83.59.250
722,Barnabas,Fydo,bfydok1@rambler.ru,Male,189.179.39.88
723,Ray,Scamadine,rscamadinek2@mashable.com,Male,238.24.163.126
724,Nial,Argont,nargontk3@addtoany.com,Male,104.162.50.196
725,Alexa,Acory,aacoryk4@blogtalkradio.com,Female,81.153.11.37
726,Grannie,Toplin,gtoplink5@google.co.jp,Male,14.99.12.71
727,Roseanne,Sitlington,rsitlingtonk6@wiley.com,Female,151.23.184.224
728,Henrie,Domelow,hdomelowk7@liveinternet.ru,Polygender,5.171.64.167
729,Giraud,Castagnier,gcastagnierk8@dion.ne.jp,Male,138.153.64.138
730,Neile,Nemchinov,nnemchinovk9@fema.gov,Female,71.121.153.193
731,Clarke,Bruce,cbruceka@opera.com,Male,30.75.115.253
732,Armando,Cunio,acuniokb@rediff.com,Male,4.2.208.145
733,Pammie,Van Waadenburg,pvanwaadenburgkc@disqus.com,Female,22.238.40.5
734,Grethel,Wilsher,gwilsherkd@pen.io,Female,194.218.28.17
735,Wyatt,Dowthwaite,wdowthwaiteke@woothemes.com,Male,48.151.83.209
736,Christoph,Jelf,cjelfkf@privacy.gov.au,Male,204.100.196.205
737,Crin,Mulbery,cmulberykg@va.gov,Female,141.119.134.96
738,Lani,Fitzharris,lfitzharriskh@cnbc.com,Female,48.186.136.81
739,Haywood,Possell,hpossellki@bandcamp.com,Male,241.58.84.123
740,Idalia,Pairpoint,ipairpointkj@yale.edu,Female,179.181.186.145
741,Raimondo,Hudspeth,rhudspethkk@chronoengine.com,Male,192.187.239.222
742,Ring,Scrase,rscrasekl@shutterfly.com,Male,170.227.209.108
743,Phil,Breton,pbretonkm@people.com.cn,Male,89.66.61.170
744,Berton,Sorro,bsorrokn@timesonline.co.uk,Male,22.83.9.28
745,Cassondra,Machen,cmachenko@opera.com,Female,208.41.89.139
746,Hettie,Henzer,hhenzerkp@indiatimes.com,Female,187.96.167.100
747,Adelaida,Tearny,atearnykq@youtube.com,Female,75.101.1.91
748,Elita,Medlicott,emedlicottkr@gnu.org,Female,111.43.220.121
749,Nathanial,Faveryear,nfaveryearks@blog.com,Male,9.20.240.142
750,Mayor,Tal,mtalkt@t-online.de,Genderfluid,92.66.83.86
751,Minetta,Magson,mmagsonku@fastcompany.com,Female,254.174.85.99
752,Carolyne,Whettleton,cwhettletonkv@jugem.jp,Female,74.136.136.160
753,Laurena,Matveichev,lmatveichevkw@over-blog.com,Female,118.165.184.185
754,Junina,Badam,jbadamkx@samsung.com,Female,122.217.233.146
755,Sholom,Kilmary,skilmaryky@exblog.jp,Polygender,176.81.65.127
756,Raymond,Denyukin,rdenyukinkz@ucsd.edu,Male,49.249.147.128
757,Fae,Baumadier,fbaumadierl0@fema.gov,Female,171.247.87.22
758,Corrianne,Sparling,csparlingl1@utexas.edu,Female,222.55.104.34
759,Rozanne,Kamiyama,rkamiyamal2@vinaora.com,Female,239.154.161.159
760,Rockwell,Vain,rvainl3@list-manage.com,Male,95.92.184.192
761,Maurine,Harnwell,mharnwelll4@amazonaws.com,Female,172.11.158.183
762,Vinnie,Clausson,vclaussonl5@uol.com.br,Male,133.118.90.59
763,Jeno,Clingan,jclinganl6@ftc.gov,Male,64.94.129.3
764,Adrianne,Morrissey,amorrisseyl7@ox.ac.uk,Female,239.133.111.178
765,Gerhardt,Benedict,gbenedictl8@vimeo.com,Male,107.249.232.42
766,Dill,Passfield,dpassfieldl9@salon.com,Male,59.77.219.136
767,Anita,Easterfield,aeasterfieldla@wikipedia.org,Female,1.24.244.77
768,Florentia,Jaycox,fjaycoxlb@go.com,Genderfluid,5.113.190.193
769,Olga,Ranscombe,oranscombelc@last.fm,Female,144.165.235.151
770,Graehme,Winborn,gwinbornld@bravesites.com,Male,136.129.192.99
771,Estele,Jozsa,ejozsale@hc360.com,Female,26.137.125.164
772,Davina,Marchi,dmarchilf@de.vu,Non-binary,3.99.143.125
773,Claudina,Dmitrichenko,cdmitrichenkolg@skyrock.com,Female,54.197.48.158
774,Waite,Debell,wdebelllh@dedecms.com,Male,78.43.178.135
775,Dmitri,Wytchard,dwytchardli@amazonaws.com,Male,236.24.42.126
776,Val,Aleveque,valevequelj@1und1.de,Female,11.59.17.110
777,Lula,Moodycliffe,lmoodycliffelk@arizona.edu,Female,204.195.48.134
778,Carrol,Limpenny,climpennyll@tmall.com,Male,147.162.85.6
779,Colin,Jailler,cjaillerlm@webs.com,Male,249.247.216.132
780,Winfred,Sagg,wsaggln@t.co,Male,6.40.120.157
781,Broddie,Josefovic,bjosefoviclo@storify.com,Male,79.177.55.177
782,Lindsey,Tootal,ltootallp@ameblo.jp,Female,49.51.3.175
783,Maurice,Hartness,mhartnesslq@nps.gov,Male,198.209.23.253
784,Adrian,Barlthrop,abarlthroplr@g.co,Female,229.156.35.167
785,Bunni,Deavin,bdeavinls@tinypic.com,Female,187.207.24.253
786,Juliette,Keeffe,jkeeffelt@alibaba.com,Female,168.123.178.195
787,Alvan,Grigorushkin,agrigorushkinlu@godaddy.com,Male,31.227.131.8
788,Gianina,Scampion,gscampionlv@bravesites.com,Female,132.199.150.131
789,Jacinthe,Reder,jrederlw@jalbum.net,Female,250.113.159.26
790,Lisle,Hessentaler,lhessentalerlx@dot.gov,Male,184.233.7.134
791,Laina,Hamor,lhamorly@stanford.edu,Bigender,98.51.26.159
792,Teddy,Ivain,tivainlz@google.ru,Male,128.202.218.254
793,Lawry,Lafee,llafeem0@businesswire.com,Male,228.254.12.215
794,Averil,MacTurlough,amacturloughm1@cafepress.com,Male,21.55.117.5
795,Kasey,Center,kcenterm2@google.com.hk,Female,255.142.22.23
796,Gabrila,Elton,geltonm3@slideshare.net,Female,200.140.95.126
797,Nikola,Sargeaunt,nsargeauntm4@bloglines.com,Male,208.55.120.9
798,Lonnie,Goodrick,lgoodrickm5@ca.gov,Male,62.5.5.116
799,Dermot,GiacobbiniJacob,dgiacobbinijacobm6@privacy.gov.au,Male,188.57.160.124
800,Corette,Greensitt,cgreensittm7@aboutads.info,Female,146.74.223.217
801,Julee,Chasmar,jchasmarm8@google.es,Female,222.75.245.252
802,Dane,Kincla,dkinclam9@hugedomains.com,Genderqueer,80.120.225.73
803,Jilleen,Camerello,jcamerelloma@youtu.be,Female,99.87.16.213
804,Crystal,Ivy,civymb@google.pl,Female,45.61.163.227
805,Renell,Dorcey,rdorceymc@merriam-webster.com,Female,52.212.72.71
806,Zuzana,Humbles,zhumblesmd@miitbeian.gov.cn,Polygender,204.120.73.213
807,Sheff,Snelgrove,ssnelgroveme@webeden.co.uk,Male,214.181.147.61
808,Willette,Barns,wbarnsmf@guardian.co.uk,Female,223.236.77.179
809,Scotty,Topaz,stopazmg@google.fr,Male,237.133.168.142
810,Weber,Callow,wcallowmh@cmu.edu,Male,246.111.67.92
811,Deina,Haughan,dhaughanmi@bing.com,Female,168.75.210.82
812,Chery,Iowarch,ciowarchmj@odnoklassniki.ru,Female,61.198.75.26
813,Alverta,Navarijo,anavarijomk@noaa.gov,Non-binary,169.193.193.252
814,Abran,Shackesby,ashackesbyml@de.vu,Male,211.158.95.99
815,Elden,Huby,ehubymm@umich.edu,Genderqueer,97.208.128.108
816,Grayce,Ambrois,gambroismn@dion.ne.jp,Female,205.111.190.221
817,Donni,Brinsford,dbrinsfordmo@fc2.com,Female,220.114.157.118
818,Kory,Guislin,kguislinmp@eventbrite.com,Male,132.149.124.148
819,Reuben,Buddles,rbuddlesmq@netlog.com,Male,247.37.103.144
820,Jeanna,Aleveque,jalevequemr@cam.ac.uk,Female,220.146.64.102
821,Zachery,Texton,ztextonms@si.edu,Male,193.231.53.65
822,Dunn,Surmeyers,dsurmeyersmt@princeton.edu,Male,202.241.121.25
823,Gilles,Hendren,ghendrenmu@earthlink.net,Male,227.187.247.56
824,Hagen,Harrison,hharrisonmv@ibm.com,Male,202.32.244.212
825,Georgy,Fenn,gfennmw@flavors.me,Male,145.19.103.187
826,Keelia,Davydzenko,kdavydzenkomx@umich.edu,Female,121.132.63.162
827,Constance,McVane,cmcvanemy@kickstarter.com,Female,96.118.86.180
828,Arne,Suett,asuettmz@princeton.edu,Male,95.252.8.155
829,Loralyn,Garwood,lgarwoodn0@apple.com,Female,62.192.55.207
830,Gaspar,Pawelec,gpawelecn1@unc.edu,Male,26.95.120.62
831,Gilberta,Dugmore,gdugmoren2@pen.io,Genderfluid,38.247.85.132
832,Adrea,Bonner,abonnern3@xinhuanet.com,Female,8.177.182.255
833,Dulcinea,Spieght,dspieghtn4@bbc.co.uk,Female,164.228.171.254
834,Alverta,Dekeyser,adekeysern5@umn.edu,Female,152.123.200.143
835,Nonna,Kalvin,nkalvinn6@storify.com,Female,230.82.204.182
836,Helaine,Hillborne,hhillbornen7@deviantart.com,Female,212.178.26.215
837,Esmeralda,Mazzeo,emazzeon8@youtu.be,Female,191.24.93.136
838,Elvyn,Stockle,estocklen9@sohu.com,Bigender,69.17.110.218
839,Zita,Chittem,zchittemna@google.co.uk,Female,112.186.31.99
840,Danell,Ceeley,dceeleynb@instagram.com,Genderqueer,152.78.251.186
841,Adolpho,Paulet,apauletnc@list-manage.com,Male,51.13.12.193
842,Coriss,Doull,cdoullnd@fema.gov,Genderfluid,248.156.200.108
843,Skipton,MacMenemy,smacmenemyne@wunderground.com,Male,29.129.158.90
844,Clio,Jobbings,cjobbingsnf@craigslist.org,Genderfluid,209.70.55.249
845,Valentia,McCrystal,vmccrystalng@typepad.com,Female,41.82.237.189
846,Haroun,Kilgallon,hkilgallonnh@google.com,Male,84.33.134.209
847,Corrina,Buddleigh,cbuddleighni@free.fr,Female,247.12.231.236
848,Nina,Bladon,nbladonnj@weather.com,Female,212.239.96.98
849,Wilmette,Woodison,wwoodisonnk@ow.ly,Female,69.204.31.81
850,Kienan,Sang,ksangnl@google.pl,Male,199.143.102.204
851,Myrtia,Dreakin,mdreakinnm@1688.com,Female,13.145.176.146
852,Brandy,Corro,bcorronn@slate.com,Female,19.4.115.66
853,Skipp,Frankel,sfrankelno@typepad.com,Male,110.252.204.227
854,Teresa,Florey,tfloreynp@ow.ly,Female,171.65.55.206
855,Tam,Phillins,tphillinsnq@hc360.com,Male,28.198.254.166
856,Cecilio,Marzella,cmarzellanr@mit.edu,Agender,89.172.242.4
857,Nevin,McKeggie,nmckeggiens@shutterfly.com,Male,216.47.33.95
858,Lane,Hamlet,lhamletnt@dot.gov,Male,46.23.57.112
859,Alanna,Grisdale,agrisdalenu@omniture.com,Female,235.157.29.19
860,Gwenny,Orrey,gorreynv@geocities.com,Female,136.52.102.82
861,Kippy,Sushams,ksushamsnw@time.com,Male,70.235.244.63
862,Siobhan,Jansen,sjansennx@usgs.gov,Female,99.71.25.77
863,Farleigh,Storrier,fstorrierny@deviantart.com,Male,78.120.185.94
864,Darby,McKimmey,dmckimmeynz@jimdo.com,Female,158.243.45.188
865,Gav,Tregensoe,gtregensoeo0@mediafire.com,Male,162.81.77.53
866,Budd,Marran,bmarrano1@webnode.com,Male,163.106.62.130
867,Shane,Robbs,srobbso2@dropbox.com,Female,75.181.174.31
868,Fabiano,Ockland,focklando3@4shared.com,Male,137.255.173.223
869,Maurits,Barreau,mbarreauo4@ebay.com,Male,121.145.61.192
870,Mackenzie,Bellfield,mbellfieldo5@china.com.cn,Genderqueer,219.15.223.232
871,Pavla,Eadmead,peadmeado6@tripadvisor.com,Female,142.225.160.9
872,Bearnard,Lusk,blusko7@elegantthemes.com,Male,54.59.55.135
873,Rhianon,Atteridge,ratteridgeo8@foxnews.com,Agender,67.18.31.110
874,Candida,Predohl,cpredohlo9@army.mil,Female,72.139.203.119
875,Rozalie,Andrew,randrewoa@4shared.com,Female,167.74.155.191
876,Anni,Cogar,acogarob@1688.com,Female,208.33.216.18
877,Pearce,Brunelleschi,pbrunelleschioc@shutterfly.com,Male,60.15.90.154
878,Danni,Lotherington,dlotheringtonod@stumbleupon.com,Female,126.32.156.227
879,Jeanne,Glitherow,jglitherowoe@prnewswire.com,Female,28.114.149.118
880,Danie,Hiers,dhiersof@csmonitor.com,Male,106.228.32.126
881,Ilario,Doxey,idoxeyog@sourceforge.net,Male,156.106.164.34
882,Olav,Dyzart,odyzartoh@arizona.edu,Bigender,112.90.3.216
883,Thurston,Detoile,tdetoileoi@squidoo.com,Bigender,217.130.154.172
884,Angel,Zupa,azupaoj@topsy.com,Female,253.250.214.185
885,Leanor,Pitman,lpitmanok@typepad.com,Female,114.71.24.64
886,Oby,Abys,oabysol@discuz.net,Male,153.197.30.110
887,Anthe,Winfrey,awinfreyom@prweb.com,Female,241.89.27.217
888,Ricki,Janc,rjancon@51.la,Male,67.79.17.218
889,Merle,Mattersey,mmatterseyoo@aboutads.info,Female,228.197.88.208
890,Geri,Moquin,gmoquinop@fema.gov,Female,143.111.164.31
891,Rog,Ortsmann,rortsmannoq@reference.com,Male,77.130.159.16
892,Becki,Feige,bfeigeor@netvibes.com,Female,114.194.48.89
893,Mersey,Makeswell,mmakeswellos@nationalgeographic.com,Female,182.123.95.151
894,Maxwell,Aitchison,maitchisonot@soup.io,Male,202.245.137.143
895,Nahum,Aspin,naspinou@ftc.gov,Male,235.200.80.104
896,Farrell,Warry,fwarryov@example.com,Male,124.67.159.74
897,Milly,Kilgrew,mkilgrewow@nps.gov,Female,141.107.18.189
898,Holt,Hyatt,hhyattox@mysql.com,Male,177.16.136.231
899,Aundrea,Perrygo,aperrygooy@auda.org.au,Female,180.144.148.45
900,Aline,Zellmer,azellmeroz@furl.net,Female,129.186.222.254
901,Blondie,Brennenstuhl,bbrennenstuhlp0@cornell.edu,Bigender,31.120.143.138
902,Lynn,Errigo,lerrigop1@wiley.com,Female,197.96.142.175
903,Denny,Stiling,dstilingp2@cnet.com,Male,108.248.21.252
904,Melisse,MacQueen,mmacqueenp3@prnewswire.com,Female,247.178.107.96
905,Jody,de Guise,jdeguisep4@jiathis.com,Male,57.48.123.234
906,Alverta,Chevins,achevinsp5@cbc.ca,Female,5.118.55.106
907,Kinny,Fleckney,kfleckneyp6@fc2.com,Male,128.131.148.46
908,Agata,Simony,asimonyp7@jimdo.com,Female,243.137.120.171
909,Jeniffer,Keyzor,jkeyzorp8@purevolume.com,Genderfluid,22.113.17.10
910,Madeleine,Killgus,mkillgusp9@dedecms.com,Female,48.2.34.53
911,Fax,Headings,fheadingspa@sitemeter.com,Male,104.56.213.136
912,Scott,Neagle,sneaglepb@cdc.gov,Male,215.90.66.171
913,Tulley,Finlaison,tfinlaisonpc@hatena.ne.jp,Male,50.108.180.111
914,Cliff,Mossman,cmossmanpd@newsvine.com,Male,130.216.253.74
915,Lettie,Twitty,ltwittype@yandex.ru,Female,39.83.144.171
916,Teresita,Nicholls,tnichollspf@squarespace.com,Female,116.113.219.243
917,Yurik,Hampstead,yhampsteadpg@blogger.com,Male,36.248.88.36
918,Betsey,Shuttle,bshuttleph@wsj.com,Female,200.140.215.37
919,Orlan,Robet,orobetpi@google.co.jp,Male,193.53.35.145
920,Ogdan,Chinge,ochingepj@nih.gov,Male,196.68.5.127
921,Ericka,Rabbet,erabbetpk@addtoany.com,Female,40.7.102.171
922,Teodorico,Halson,thalsonpl@nationalgeographic.com,Male,218.68.120.120
923,Elsbeth,Lymer,elymerpm@statcounter.com,Female,33.0.59.6
924,Price,Pylkynyton,ppylkynytonpn@kickstarter.com,Male,120.14.112.209
925,Vita,Nutley,vnutleypo@domainmarket.com,Female,21.98.176.54
926,Heather,Simons,hsimonspp@cocolog-nifty.com,Female,228.252.229.177
927,Zahara,Whate,zwhatepq@liveinternet.ru,Female,76.112.53.251
928,Kelci,Curtiss,kcurtisspr@washingtonpost.com,Female,120.178.36.130
929,Pascal,Feldhorn,pfeldhornps@networkadvertising.org,Male,23.80.87.168
930,Diane,Lakenden,dlakendenpt@cdbaby.com,Female,233.47.192.167
931,Cheslie,Peakman,cpeakmanpu@shinystat.com,Female,247.83.129.190
932,Lisle,Abramowsky,labramowskypv@gizmodo.com,Male,48.236.206.167
933,Bettina,McGrann,bmcgrannpw@privacy.gov.au,Female,2.72.187.67
934,Gayler,Geerdts,ggeerdtspx@naver.com,Male,48.25.144.229
935,Sibel,Huxley,shuxleypy@liveinternet.ru,Female,73.120.177.143
936,Ali,Fildery,afilderypz@canalblog.com,Female,109.190.27.138
937,Dario,Loyns,dloynsq0@patch.com,Male,111.139.13.33
938,Nicola,Greenrodd,ngreenroddq1@blogs.com,Male,60.21.145.218
939,Kenn,Foulger,kfoulgerq2@ucla.edu,Male,78.80.196.35
940,Maximo,Watford,mwatfordq3@wordpress.com,Male,234.46.3.16
941,Valeria,Hourahan,vhourahanq4@sciencedirect.com,Female,66.231.95.75
942,Lind,Richly,lrichlyq5@homestead.com,Male,175.187.124.78
943,Humbert,Mingauld,hmingauldq6@printfriendly.com,Male,247.19.74.32
944,Rosemarie,Ogles,roglesq7@bbb.org,Female,78.249.20.6
945,Bartram,Longland,blonglandq8@forbes.com,Male,127.178.101.165
946,Garth,Damsell,gdamsellq9@moonfruit.com,Male,244.62.201.132
947,Deb,Camsey,dcamseyqa@mayoclinic.com,Female,44.36.21.230
948,Devlin,Jelley,djelleyqb@ebay.com,Male,213.221.7.173
949,Annaliese,Ortega,aortegaqc@so-net.ne.jp,Genderfluid,130.172.68.162
950,Kelley,Hearnaman,khearnamanqd@jigsy.com,Male,246.65.197.166
951,Clarisse,Aggott,caggottqe@prweb.com,Female,54.140.210.58
952,Maud,Turone,mturoneqf@zimbio.com,Female,190.112.112.118
953,Camey,Botright,cbotrightqg@utexas.edu,Male,54.168.24.74
954,Clerkclaude,Gounin,cgouninqh@house.gov,Male,243.92.118.78
955,Chastity,Barkworth,cbarkworthqi@admin.ch,Female,234.244.249.65
956,Beret,Paddemore,bpaddemoreqj@squidoo.com,Female,46.21.52.45
957,Robbie,Salkeld,rsalkeldqk@zdnet.com,Male,238.147.116.130
958,Hermann,Scanterbury,hscanterburyql@slideshare.net,Male,251.32.148.129
959,Faye,Crumbie,fcrumbieqm@zdnet.com,Female,184.24.233.5
960,Starr,Squibe,ssquibeqn@xing.com,Female,243.48.105.81
961,Zaria,Kyllford,zkyllfordqo@businessinsider.com,Female,139.143.150.123
962,Carlin,Gazzard,cgazzardqp@yahoo.co.jp,Male,233.146.44.27
963,Kelvin,Mordacai,kmordacaiqq@icio.us,Male,1.66.98.69
964,Lynelle,Verillo,lverilloqr@hostgator.com,Female,130.197.166.196
965,Luz,Prugel,lprugelqs@nature.com,Female,187.219.120.210
966,Ilyse,Tedahl,itedahlqt@spotify.com,Agender,229.186.35.19
967,Boniface,Horrell,bhorrellqu@hugedomains.com,Male,53.207.5.16
968,Carter,Knewstub,cknewstubqv@goodreads.com,Male,56.131.125.226
969,Allayne,Chatain,achatainqw@answers.com,Non-binary,1.244.84.178
970,Malvin,Winchcum,mwinchcumqx@i2i.jp,Male,23.250.81.97
971,Zane,Korlat,zkorlatqy@ning.com,Male,90.39.70.48
972,Marve,Feron,mferonqz@narod.ru,Male,244.0.141.192
973,Joye,Kingham,jkinghamr0@reddit.com,Female,22.64.30.204
974,Falkner,Rickets,fricketsr1@mapy.cz,Agender,142.208.31.32
975,Rayshell,Sindle,rsindler2@npr.org,Female,145.6.62.253
976,Lonnie,McShirie,lmcshirier3@ted.com,Female,95.23.35.99
977,Aili,Battyll,abattyllr4@issuu.com,Female,69.178.22.222
978,Janie,Seabrooke,jseabrooker5@kickstarter.com,Female,29.78.179.38
979,Silvia,Lampel,slampelr6@virginia.edu,Polygender,3.3.90.212
980,Sunshine,Linsey,slinseyr7@stumbleupon.com,Female,86.173.104.218
981,Devon,Duchasteau,dduchasteaur8@acquirethisname.com,Female,234.61.85.153
982,Hedda,Creigan,hcreiganr9@scribd.com,Female,211.240.176.200
983,Kory,Viveash,kviveashra@loc.gov,Male,63.248.129.175
984,Jazmin,Hargrove,jhargroverb@ed.gov,Female,130.141.133.87
985,Carlina,O' Driscoll,codriscollrc@desdev.cn,Female,134.91.137.6
986,Galina,Fancutt,gfancuttrd@rediff.com,Female,117.214.95.183
987,Alick,Itzhaiek,aitzhaiekre@sphinn.com,Male,108.46.136.228
988,Iver,De Coursey,idecourseyrf@independent.co.uk,Male,32.32.167.135
989,Francoise,Babalola,fbabalolarg@issuu.com,Female,253.157.187.200
990,Rudolfo,Dunkerley,rdunkerleyrh@forbes.com,Male,12.148.101.1
991,Waylan,McGahey,wmcgaheyri@epa.gov,Male,155.58.66.112
992,Stephine,Spellman,sspellmanrj@lycos.com,Female,181.67.242.210
993,Tabby,MacGinney,tmacginneyrk@oakley.com,Male,46.54.253.77
994,Amery,Sowten,asowtenrl@cmu.edu,Male,98.134.66.50
995,Damon,Fletham,dflethamrm@ted.com,Male,213.54.37.177
996,Benedetto,McClary,bmcclaryrn@is.gd,Male,250.207.163.58
997,Beauregard,Williscroft,bwilliscroftro@youtu.be,Male,243.213.202.74
998,Enrique,Pierpoint,epierpointrp@msn.com,Male,46.232.12.200
999,Shepperd,Penniell,spenniellrq@fc2.com,Male,183.32.239.158
1000,Milka,von Hagt,mvonhagtrr@huffingtonpost.com,Female,109.96.181.253
